conference,division,name,shortName,mascot,stadiumId,code
AAC,East,University of Cincinnati,Cincinnati,Bearcats,NIPPERT,CINCI
AAC,East,University of South Florida,South Florida,Bulls,RAYJAY,USF
AAC,East,University of Central Florida,Central Florida,Knights,SPECTRUM,UCF
AAC,East,Temple University,Temple,Owls,LINC,TEMPLE
AAC,East,East Carolina University,East Carolina,Pirates,DOWDY,ECU
AAC,East,University of Connecticut,UConn,Huskies,PRATT,UCONN
AAC,West,Southern Methodist University,Southern Methodist,Mustangs,GJF,SMU
AAC,West,Tulane,Tulane,Green Wave,YULMAN,TULN
AAC,West,US Naval Acadamy,Navy,Midshipmen,NAVY,USNA
AAC,West,University of Houston,Houston,Cougars,TDECU,UH
AAC,West,University of Tulsa,Tulsa,Golden Hurricane,SKELLY,TLSA
AAC,West,University of Memphis,Memphis,Tigers,LIB-BOWL,MPHS
ACC,Atlantic,Clemson University,Clemson,Tigers,DV,CLEM
ACC,Atlantic,Boston College,Boston College,Eagles,BC-ALUM,BC
ACC,Atlantic,Syracuse,Syracuse,Orange,CDOME,SYR
ACC,Atlantic,North Carolina State,NC State,Wolfpack,CRT-FIN,NCSU
ACC,Atlantic,Florida State University,Florida State,Seminoles,DOAK,FSU
ACC,Atlantic,Wake Forest,Wake,Deamon Deacons,BBT,WF
ACC,Atlantic,Louisville,Louisville,Cardinals,CARDINAL,LOU
ACC,Coastal,Georgia Tech,Georgia Tech,Yellow Jackets,BDODD,GT
ACC,Coastal,Virginia Tech,Virginia Tech,Hokies,LANE,VT
ACC,Coastal,University of Pittsburgh,Pittsburgh,Pathers,HEINZ,PITT
ACC,Coastal,University of Virginia,Virginia,Cavaliers,SCOTT,UVA
ACC,Coastal,Miami,Miami,Hurricanes,HROK,MIA
ACC,Coastal,Duke,Duke,Blue Devils,WWADE,DUKE
ACC,Coastal,University of North Carolina,North Carolina,Tar Heels,KENAN,UNC
BIG12,,University of Oklahoma,Oklahoma,Sooners,GAY,OKLA
BIG12,,West Virginia University,West Virginia,Mountaineers,MPS,WVU
BIG12,,Texas Christian University,Texas Christian,Horned Frogs,ACRTR,TCU
BIG12,,Baylor University,Baylor,Bears,MCLANE,BAYL
BIG12,,Texas Tech University,Texas Tech,Red Raiders,JNZ-ATT,TXTEC
BIG12,,Oklahoma State University,Oklahoma State,Cowboys,BOONE,OKST
BIG12,,Iowa State University,Iowa State,Cyclones,TRICE,IAST
BIG12,,University of Kansas,Kansas,Jayhawks,BOOTH,KAN
BIG12,,Kansas State University,Kansas State,Wildcats,SNYDER,KSU
BIG12,,Texas University,Texas,Longhorns,DKR,TEX
BIG10,East,Ohio State University,Ohio State,Buckeyes,OHIO,OHST
BIG10,East,University of Michigan,Michigan,Wolverines,BIGHOUSE,MICH
BIG10,East,Michigan State University,Michigan State,Spartans,SPARTY,MIST
BIG10,East,Indiana University Bloomington,Indiana,Hoosiers,IU-MEM,IU
BIG10,East,Rutgers University,Rutgers,Scarlet Knights,SHI,RUT
BIG10,East,University of Maryland,Maryland,Terrapins,MARYLAND,UMD
BIG10,East,Pennsylvania State University,Penn State,Nittany Lions,BVR,PSU
BIG10,West,Northwestern University,Northwestern,Wildcats,RYAN,NWST
BIG10,West,University of Wisconsin,Wisconsin,Badgers,CMP-RNDL,WIS
BIG10,West,University of Minnesota,Minnesota,Golden Gophers,TCFB,MINN
BIG10,West,University of Iowa,Iowa,Hawkeyes,KNNCK,IOWA
BIG10,West,University of Illinois,Illinois,Illini,ILL-MEM,ILL
BIG10,West,Purdue,Purdue,Boilermakers,ROSS-ADE,PUR
BIG10,West,University of Nebraska,Nebraska,Cornhuskers,NEB-MEM,NEB
C-USA,East,Marshall,Marshall,Thundering Herd,JCE,MARSH
C-USA,East,Florida International University,Florida Int'l,Golden Panthers,SILVA,FIU
C-USA,East,Middle Tennessee State University,Middle Tennessee State,Blue Raiders,RED-FLOYD,MTSU
C-USA,East,University of North Carolina at Charlotte,Charlotte,49ers,JERRY-R,CLT
C-USA,East,Florida Atlantic University,Florida Atlantic,Owls,FAU,FAU
C-USA,East,Western Kentucky,Western Kentucky,Hilltoppers,LTSMITH,WKY
C-USA,East,Old Dominion University,Old Dominion,Monarchs,BALLARD,ODU
C-USA,West,Louisiana Tech University,Louisiana Tech,Bulldogs,AILLET,LATEC
C-USA,West,University of Alabama - Birmingham,UAB,Blazers,LEGION,UAB
C-USA,West,University of Southern Mississippi,Southern Mississippi,Golden Eagles,MMROB,SOMS
C-USA,West,University of Texas - San Antonio,Texas - San Antonio,Roadrunners,ALAMO,UTSA
C-USA,West,University of North Texas,North Texas,Mean Green,APOGEE,UNTX
C-USA,West,Rice University,Rice,Owls,RICE,RICE
C-USA,West,University of Texas - El Paso,Texas - El Paso,Miners,SUN-BOWL,UTEP
FBS-IND,,University of Notre Dame,Notre Dame,Fighting Irish,NOTRE-DAME,ND
FBS-IND,,United States Military Academy,Army,Knights,ARMY,USMA
FBS-IND,,Brigham Young University,BYU,Cougars,LAVELL,BYU
FBS-IND,,Liberty University,Liberty,Flames,LIB-WILL,LIB
FBS-IND,,University of Massachussetts,UMass,Minutemen,MCGUIRK,UMASS
FBS-IND,,New Mexico State University,New Mexico State,Aggies,AGG-MEM,NMST
MAC,East,SUNY - Buffalo,Buffalo,Bulls,BUFF,BUFF
MAC,East,Miami University,Miami (OH),RedHawks,YAGER,MIAOH
MAC,East,University of Akron,Akron,Zips,SUMMA,AKRN
MAC,East,Ohio University,Ohio,Bobcats,PEDEN,OHIO
MAC,East,Bowling Green State University,Bowling Green,Falcons,DP,BGSU
MAC,East,Kent State University,Kent State,Golden Flashes,DIX,KENT
MAC,West,Northern Illinois University,Northern Illinois,Huskies,BRIG,NIU
MAC,West,Western Michigan University,Western Michigan,Broncos,WALDO,W-MICH
MAC,West,Ball State University,Ball State,Cardinals,SCHEU,BALL
MAC,West,University of Toledo,Toledo,Rockets,GLASS,TOL
MAC,West,Central Michigan University,Central Michigan,Chippewas,KEL-SH,C-MICH
MAC,West,Eastern Michigan University,Eastern Michigan,Eagles,RYNEAR,E-MICH
MWC,Mountain,Boise State University,Boise State,Broncos,ALB,BOISE
MWC,Mountain,Utah State University,Utah State,Aggies,MAVERIK,UT-ST
MWC,Mountain,University of New Mexico,New Mexico,Lobos,DREAM,UNM
MWC,Mountain,University of Wyoming,Wyoming,Cowboys,WAR-MEM,WYO
MWC,Mountain,Colorado State University,Colorado State,Rams,CANVAS,CSU
MWC,Mountain,United States Air Force Academy,Air Force,Falcons,FALCON,AF
MWC,West,University of Hawaii at Manoa,Hawaii,Rainbow Warriors,ALOHA,HAWAII
MWC,West,"University of Nevada, Reno",Nevada,Wolf Pack,MACKAY,NV
MWC,West,San Diego State University,San Diego State,Aztecs,SDCCU,SDSU
MWC,West,"California State University, Fresno",Fresno State,Bulldogs,FRES-BLDG,FRESNO
MWC,West,University of Nevada - Las Vegas,UNLV,Rebels,SAM-BOYD,UNLV
MWC,West,San Jose State University,San Jose State,Spartans,CEFCU,SJSU
PAC12,North,Stanford University,Stanford,Cadinal,STAN,STAN
PAC12,North,University of Washington,Washington,Huskies,HUSKY-WA,WASH
PAC12,North,University of Oregon,Oregon,Ducks,AUTZEN,ORE
PAC12,North,Washington State University,Washington State,Cougars,MARTIN-WA,WASH-ST
PAC12,North,"University of California, Berkeley",Cal,Golden Bears,CAL-MEM,CAL
PAC12,North,Oregon State University,Oregon State,Beavers,RESER,OR-ST
PAC12,South,University of Colorado - Boulder,Colorado,Buffaloes,FOLSOM,COLO
PAC12,South,University of Southern California,USC,Trojans,COLISEUM,USC
PAC12,South,Arizona State University,Arizona State,Sun Devils,SUN-DEV,ASU
PAC12,South,University of Arizona,Arizona,Wildcats,AZ-STAD,AZ
PAC12,South,University of California - Los Angeles,UCLA,Bruins,ROSE-BOWL,UCLA
PAC12,South,University of Utah,Utah,Utes,RICE-ECCLES,UTAH
SEC,East,University of Georgia,Georgia,Bulldogs,SANFORD,UGA
SEC,East,University of Kentucky,Kentucky,Wildcats,KROGER,KENTUCKY
SEC,East,University of Florida,Florida,Gators,SWAMP,UF
SEC,East,University of Missouri,Mizzou,Tigers,FAUROT,MIZZOU
SEC,East,Vanderbilt University,Vanderbilt,Commodores,DUDLEY,VANDY
SEC,East,University of South Carolina,South Carolina,Gamecocks,WILLY,SCAR
SEC,East,University of Tennessee,Tennessee,Volunteers,NEYLAND,TENN
SEC,West,Auburn University,Auburn,Tigers,JH,AUB
SEC,West,University of Alabama,Alabama,Crimson Tide,BRY-DEN,BAMA
SEC,West,Louisiana State University,LSU,Tigers,LSU-TIG,LSU
SEC,West,Texas A&M University,Texas A&M,Aggies,KYLE,TAMU
SEC,West,Mississippi State University,Mississippi State,Bulldogs,DAV-WADE,MS-ST
SEC,West,University of Mississippi,Ole Miss,Rebels,VAUGHT,MISS
SEC,West,University of Arkansas,Arkansas,Razorbacks,DWR,ARK
SBLT,East,Troy University,Troy,Trojans,TROY-MEM,TROY
SBLT,East,Appalachian State University,App State,Mountaineers,KIDD,APP-ST
SBLT,East,Georgia Southern University,Georgia Southern,Eagles,PAULSON,GA-SO
SBLT,East,Georgia State University,Georgia State,Panthers,TURNER,GA-ST
SBLT,East,Coastal Carolina University,Coastal Carolina,Chanticleers,BROOKS,COASTAL
SBLT,West,University of South Alabama,South Alabama,Jaguars,LADD,SO-AL
SBLT,West,Arkansas State University,Arkansas State,Red Wolves,CENT,AR-ST
SBLT,West,University of Louisiana - Lafayette,Louisiana,Rajin' Cajuns,CAJUN,ULL
SBLT,West,Texas State University,Texas State,Bobcats,WACKER,TX-ST
SBLT,West,University of Louisiana - Monroe,ULM,Warhawks,MALONE,ULM
BSKY,,University of Montana,Montana,Grizzlies,,MONTANA
BSKY,,California State University - Sacramento,Sacramento State, Hornets,,SAC-ST
BSKY,,Weber State University,Weber State,Wildcats,,WEB-ST
BSKY,,Idaho State University,Idaho State,Bengals,,ID-ST
BSKY,,Montana State University,Montana State,Bobcats,,MT-ST
BSKY,,Portland State University,Portland State,Vikings,,PORT-ST
BSKY,,Eastern Washington University,Eastern Washington,Eagles,,EST-WA
BSKY,,Northern Arizona University,Northern Arizona,Lumberjacks,,NO-AZ
BSKY,,"University of California, Davis",UC Davis,Aggies,,UC-DAVIS
BSKY,,California Polytechnic Institute,Cal Poly,Mustangs,,CA-POLY
BSKY,,Northern Colorado University,Northern Colorado,Bears,,NO-CO
BSKY,,University of Idaho,Idaho,Vandals,,IDAHO
BSKY,,University of Southern Utah,Southern Utah,Thunderbirds,,SO-UT
BIGSTH,,Kennesaw State University,Kennesaw State,Owls,,KSW
BIGSTH,,Campbell University,Campbell,Fighting Camels,,CAMPBELL
BIGSTH,,Monmouth University,Monmouth,Hawks,,MON
BIGSTH,,Gardner-Webb University,Gardner-Webb,Bulldogs,,G-WEBB
BIGSTH,,University of North Alabama,North Alabama,Lions,,NO-AL
BIGSTH,,Hampton University,Hampton,Pirates,,HAMP
BIGSTH,,Charleston Southern University,Charleston Southern,Buccaneers,,CHA-SO
BIGSTH,,Presbyterian College,Presbyterian College,Blue Hose,,PC
CAA,,James Madison University,James Madison,Dukes,,JMU
CAA,,University of New Hampshire,New Hampshire,Wildcats,,UNH
CAA,,Villanova University,Villanova,Wildcats,,NOVA
CAA,,Richmond University,Richmond,Spiders,,RICH
CAA,,Albany University,Albany,Great Danes,,ALBANY
CAA,,Elon University,Elon,Phoenix,,ELON
CAA,,University of Delaware,Delaware,Blue Hens,,DE
CAA,,Stony Brook University,Stony Brook,Seawolves,,SBRK
CAA,,Towson University,Towson,Tigers,,TOWSN
CAA,,William & Mary University,William & Mary,Tribe,,WL-MA
CAA,,University of Maine,Maine,Black Bears,,MAINE
CAA,,University of Rhode Island,Rhode Island,Rams,,URI
FCS-IND,,North Dakota University,North Dakota,Fighting Hawks,,NO-DAK
FCS-IND,,Merrimack College,Merrimack,Warriors,,MERRI
IVY,,Dartmouth University,Dartmouth,Big Green,,DART
IVY,,Harvard University,Harvard,Crimson,,HARV
IVY,,Princeton University,Princeton,Tigers,,PRINC
IVY,,Yale University,Yale,Bulldogs,,YALE
IVY,,University of Pennsylvania,Pennsylvania,Quakers,,PENN
IVY,,Brown University,Brown,Bears,,BROWN
IVY,,Columbia University,Columbia,Lions,,COLU
IVY,,Cornell University,Cornell,Big Red,,CORN
MEAC,,Bethune-Cookman University,Bethune-Cookman,Wildcats,,BETH
MEAC,,Florida A&M University,Florida A&M,Rattlers,,FAMU
MEAC,,North Carolina A&T University,North Carolina A&T,Aggies,,NCAT
MEAC,,South Carolina State University,South Carolina State,Bulldogs,,SC-ST
MEAC,,Norfolk State University,Norfolk State,Spartans,,NFLK-ST
MEAC,,North Carolina Central University,NC Central,Eagles,,NC-CENT
MEAC,,Morgan State University,Morgan State,Bears,,MORGN
MEAC,,Howard University,Howard,Bison,,HOWARD
MEAC,,Delaware State University,Delaware State,Hornets,,DE-ST
MVC,,North Dakota State University,North Dakota Sate,Bison,,ND-ST
MVC,,South Dakota State University,South Dakota State,Jackrabbits,,SD-ST
MVC,,University of South Dakota,South Dakota,Coyotes,,SDAK
MVC,,Illinois State University,Illinois State,Redbirds,,ILL-ST
MVC,,Indiana State University,Indiana State,Sycamores,,IND-ST
MVC,,University of Northern Iowa,Northern Iowa,Panthers,,NO-IA
MVC,,Missouri State University,Missouri State,Bears,,MO-ST
MVC,,Youngstown State University,Youngstown State,Penguins,,YO-ST
MVC,,University of Southern Illinois,Southern Illinois,Salukis,,SO-ILL
MVC,,University of Western Illinois,Western Illinois,Leathernecks,,W-ILL
NEC,,University of Central Connecticut,Central Connecticut,Blue Devils,,CT-CT
NEC,,Duquesne University,Duquesne,Dukes,,DUQ
NEC,,Robert Morris University,Robert Morris,Colonials,,RO-MO
NEC,,Wagner University,Wagner,Seahawks,,WAGNER
NEC,,St. Francis University,St. Francis (PA),Red Flash,,ST-FRA
NEC,,Sacred Heart University,Sacred Heart,Pioneers,,SAC-HRT
NEC,,Bryant University,Bryant,Bulldogs,,BRYANT
NEC,,Long Island University,Long Island,Sharks,,LIU
OVC,,University of Tennessee - Martin,UT Martin,Skyhawks,,UT-MART
OVC,,Austin Peay University,Austin Peay,Governors,,AU-PEAY
OVC,,Jacksonville State University,Jacksonville State,Gamecocks,,JVLLE-ST
OVC,,Murray State University,Murray State,Racers,,MU-ST
OVC,,University of Eastern Kentucky,Eastern Kentucky,Colonels,,EST-KY
OVC,,Southern Missouri State University,Southern Missouri State,Redhawks,,SO-MO-ST
OVC,,Tennessee Technical Institute (?),Tennessee Tech,Golden Eagles,,TN-TEK
OVC,,Tennessee State University,Tennessee State,Tigers,,TN-ST
OVC,,University of Eastern Illinois,Eastern Illinois,Panthers,,EST-IL
PAT,,Holy Cross University,Holy Cross,Crusaders,,HO-CRS
PAT,,Fordham University,Fordham,Rams,,FORDHAM
PAT,,Lehigh University,Lehigh,Mountain Hawks,,LEHI
PAT,,Bucknell University,Bucknell,Bison,,BKNELL
PAT,,Lafayette University,Lafayette,Leopards,,LAFAY
PAT,,Georgetown University,Georgetown,Hoyas,,GRGTWN
PAT,,Colgate College,Colgate,Raiders,,COLGATE
PFL,,Drake University,Drake,Bulldogs,,DRAKE
PFL,,Dayton University,Dayton,Flyers,,DYTN
PFL,,University of San Diego,San Diego,Toreros,,SANDIEGO
PFL,,Davidson University,Davidson,Wildcats,,DVDSN
PFL,,Stetson University,Stetson,Hatters,,STSN
PFL,,Morehead State University,Morehead State,Eagles,,MOREHEAD
PFL,,Marist University,Marist,Red Foxes,,MARIST
PFL,,Jacksonville University,Jacksonville,Dolphins,,JVILLE
PFL,,Butler University,Butler,Bulldogs,,BTLR
PFL,,Valparaiso State University,Valparaiso,Crusaders,,VALP
SOCON,,Furman University,Furman,Paladins,,FURMAN
SOCON,,University of Tennessee - Chattanooga,Chattanooga,Mocs,,UT-CHAT
SOCON,,Virginia Military Institute,VMI,Keydets,,VMI
SOCON,,Wofford University,Wofford,Terriers,,WOFF
SOCON,,Samford University,Samford,Bulldogs,,SAMF
SOCON,,The Citadel,The Citadel,Bulldogs,,EL-CID
SOCON,,Mercer University,Mercer,Bears,,MERCER
SOCON,,East Tennessee State University,ETSU,Buccaneers,,ETSU
SOCON,,Western Carolina University,Western Carolina,Catamounts,,W-CAR
SLC,,Nicholls University,Nicholls,Colonels,,NICH
SLC,,Sam Houston State University,Sam Houston State,Bearkats,,SAM-HOU
SLC,,Incarnate Word (?),Incarnate Word,Cardinals,,INCARN
SLC,,University of Central Arkansas,Central Arkansas,Bears,,C-ARK
SLC,,University of Southeast Louisiana,Southeast Louisiana,Lions,,SE-LA
SLC,,Lamar University,Lamar,Cardinals,,LAMAR
SLC,,Abilene Christian University,Abilene Christian,Wildcats,,ABI-XN
SLC,,Houston Baptist University,Houston Baptist,Huskies,,HOU-BAP
SLC,,Stephen F. Austin University,Stephen F. Austin,Lumberjacks,,SFAUS
SLC,,McNeese University,McNeese,Cowboys,,MCNEESE
SLC,,Northwestern State University,Northwestern State,Demons,,NWSU
SWAC,East,Alcorn State University,Alcorn State,Braves,,ALCORN
SWAC,East,Alabama State University,Alabama State,Hornets,,ALA-ST
SWAC,East,Alabama A&M University,Alababa A&M,Bulldogs,,ALA-AM
SWAC,East,Jackson State University,Jackson State,Tigers,,JACK-ST
SWAC,East,Mississippi Valley State University,Mississippi Valley State,Delta Devils,,MVSU
SWAC,West,Southern University,Southern,Jaguars,,SOUTH
SWAC,West,University of Arkansas - Pine Bluff,Arkansas - Pine Bluff,Golden Lions,,ARK-PB
SWAC,West,Prairie View A&M University,Prairie View A&M,Panthers,,PVAM
SWAC,West,Grambling State University,Grambling State,Tigers,,GRAMB
SWAC,West,Texas Southern University,Texas Southern,Tigers,,TX-SO